{"accuracy": 0.8265, "precision": 0.7491638795986622, "recall": 0.6945736434108527, "conf_matrix": [[1205, 150], [197, 448]]}