{"accuracy": 0.9816576086956522, "precision": 0.9481481481481482, "recall": 0.8648648648648649, "conf_matrix": [[1317, 7], [20, 128]]}