{"accuracy": 0.8475, "precision": 0.8046594982078853, "recall": 0.6961240310077519, "conf_matrix": [[1246, 109], [196, 449]]}