{"accuracy": 0.9802989130434783, "precision": 0.9541984732824428, "recall": 0.8445945945945946, "conf_matrix": [[1318, 6], [23, 125]]}